{"cameraMode":{"drawMode":0,"name":"Shaded","section":"Shading Mode"},"sceneLighting":false,"audioPlay":false,"sceneViewState":{"m_AlwaysRefresh":false,"showFog":true,"showSkybox":false,"showFlares":true,"showImageEffects":true,"showParticleSystems":true,"showVisualEffectGraphs":true,"m_FxEnabled":true},"in2DMode":false,"pivot":{"x":0.13177859783172608,"y":0.5830740928649902,"z":-0.029200196266174318},"rotation":{"x":-0.03362930938601494,"y":-0.9654841423034668,"z":0.2030738741159439,"w":-0.15993447601795197},"size":0.8660255670547485,"orthographic":false}