{"cameraMode":{"drawMode":0,"name":"Shaded","section":"Shading Mode"},"sceneLighting":true,"audioPlay":false,"sceneViewState":{"m_AlwaysRefresh":false,"showFog":true,"showSkybox":true,"showFlares":true,"showImageEffects":true,"showParticleSystems":true,"showVisualEffectGraphs":true,"m_FxEnabled":true},"in2DMode":false,"pivot":{"x":-9.518980026245118,"y":9.364727973937989,"z":-2.081822156906128},"rotation":{"x":0.17303860187530518,"y":0.037285301834344867,"z":-0.00650256872177124,"w":0.9843942523002625},"size":27.39273452758789,"orthographic":true}